Año,Trimestre,Accesos por cada 100 hab,Año-Trimestre,Id_Provincia
2024,2,"27,43",20242,2
2024,2,"47,44",20242,1
2024,2,"17,5",20242,3
2024,2,"11,78",20242,4
2024,2,"26,46",20242,5
2024,2,"27,79",20242,6
2024,2,"13,53",20242,7
2024,2,"20,52",20242,8
2024,2,"10,1",20242,9
2024,2,"14,91",20242,10
2024,2,"33,33",20242,11
2024,2,"21,17",20242,12
2024,2,"14,6",20242,13
2024,2,"15,72",20242,14
2024,2,"23,49",20242,15
2024,2,"21,95",20242,16
2024,2,"13,49",20242,17
2024,2,"13,03",20242,18
2024,2,"29,59",20242,19
2024,2,"20,8",20242,20
2024,2,"25,58",20242,21
2024,2,"12,33",20242,22
2024,2,"32,28",20242,23
2024,2,"15,07",20242,24
2024,1,"27,8",20241,2
2024,1,"48,78",20241,1
2024,1,"17,5",20241,3
2024,1,"12,48",20241,4
2024,1,"26,02",20241,5
2024,1,"27,77",20241,6
2024,1,"13,68",20241,7
2024,1,"20,72",20241,8
2024,1,"10,08",20241,9
2024,1,"14,74",20241,10
2024,1,"33,11",20241,11
2024,1,"21,3",20241,12
2024,1,"14,67",20241,13
2024,1,"15,46",20241,14
2024,1,"23,66",20241,15
2024,1,"21,88",20241,16
2024,1,"13,63",20241,17
2024,1,"13,15",20241,18
2024,1,"29,39",20241,19
2024,1,"20,1",20241,20
2024,1,"25,28",20241,21
2024,1,"12,26",20241,22
2024,1,"32,54",20241,23
2024,1,"14,98",20241,24
2023,4,"27,68",20234,2
2023,4,"47,8",20234,1
2023,4,"17,46",20234,3
2023,4,"11,85",20234,4
2023,4,"26,04",20234,5
2023,4,"27,76",20234,6
2023,4,"13,84",20234,7
2023,4,"20,91",20234,8
2023,4,"9,98",20234,9
2023,4,"14,77",20234,10
2023,4,"32,93",20234,11
2023,4,"21,35",20234,12
2023,4,"14,55",20234,13
2023,4,"15,33",20234,14
2023,4,"23,78",20234,15
2023,4,"21,61",20234,16
2023,4,"13,8",20234,17
2023,4,"12,75",20234,18
2023,4,"29,21",20234,19
2023,4,"21,94",20234,20
2023,4,"25,08",20234,21
2023,4,"12,18",20234,22
2023,4,"32,75",20234,23
2023,4,"15,12",20234,24
2023,3,"27,5",20233,2
2023,3,"47,6",20233,1
2023,3,"17,44",20233,3
2023,3,"11,46",20233,4
2023,3,"25,82",20233,5
2023,3,"27,57",20233,6
2023,3,"13,9",20233,7
2023,3,"20,58",20233,8
2023,3,"9,89",20233,9
2023,3,"14,73",20233,10
2023,3,"32,62",20233,11
2023,3,"21,41",20233,12
2023,3,"14,52",20233,13
2023,3,"15,12",20233,14
2023,3,"23,8",20233,15
2023,3,"21,04",20233,16
2023,3,"13,94",20233,17
2023,3,"12,85",20233,18
2023,3,"28,2",20233,19
2023,3,"12,17",20233,20
2023,3,"24,87",20233,21
2023,3,"12,08",20233,22
2023,3,"31,41",20233,23
2023,3,"15,17",20233,24
2023,2,"27,1",20232,2
2023,2,"47,27",20232,1
2023,2,"17,15",20232,3
2023,2,"11,46",20232,4
2023,2,"25,28",20232,5
2023,2,"27,59",20232,6
2023,2,"13,79",20232,7
2023,2,"19,26",20232,8
2023,2,"9,75",20232,9
2023,2,"14,78",20232,10
2023,2,"32,4",20232,11
2023,2,"21,3",20232,12
2023,2,"14,54",20232,13
2023,2,"15,03",20232,14
2023,2,"23,5",20232,15
2023,2,"21,09",20232,16
2023,2,"13,92",20232,17
2023,2,"12,1",20232,18
2023,2,"26,73",20232,19
2023,2,"12,39",20232,20
2023,2,"24,79",20232,21
2023,2,"11,7",20232,22
2023,2,"31,54",20232,23
2023,2,"15,05",20232,24
2023,1,"26,81",20231,2
2023,1,"50,23",20231,1
2023,1,"16,83",20231,3
2023,1,"11,53",20231,4
2023,1,"26,32",20231,5
2023,1,"27,2",20231,6
2023,1,"13,71",20231,7
2023,1,"19,37",20231,8
2023,1,"9,87",20231,9
2023,1,"14,88",20231,10
2023,1,"31,81",20231,11
2023,1,"21,23",20231,12
2023,1,"14,34",20231,13
2023,1,"14,7",20231,14
2023,1,"23,38",20231,15
2023,1,"21,27",20231,16
2023,1,"13,97",20231,17
2023,1,"12,67",20231,18
2023,1,"25,8",20231,19
2023,1,"12,92",20231,20
2023,1,"24,57",20231,21
2023,1,"11,8",20231,22
2023,1,"30,9",20231,23
2023,1,"14,95",20231,24
2022,4,"26,72",20224,2
2022,4,"50,35",20224,1
2022,4,"16,73",20224,3
2022,4,"11,66",20224,4
2022,4,"26,23",20224,5
2022,4,"27,26",20224,6
2022,4,"13,6",20224,7
2022,4,"19,14",20224,8
2022,4,"10,03",20224,9
2022,4,"14,95",20224,10
2022,4,"31,23",20224,11
2022,4,"21,26",20224,12
2022,4,"14,33",20224,13
2022,4,"14,39",20224,14
2022,4,"23,41",20224,15
2022,4,"21,04",20224,16
2022,4,"14,04",20224,17
2022,4,"12,96",20224,18
2022,4,"25,83",20224,19
2022,4,"12,95",20224,20
2022,4,"24,65",20224,21
2022,4,"11,92",20224,22
2022,4,"30,07",20224,23
2022,4,"15,12",20224,24
2022,3,"26,37",20223,2
2022,3,"50,22",20223,1
2022,3,"16,62",20223,3
2022,3,"11,72",20223,4
2022,3,"25,86",20223,5
2022,3,"27,04",20223,6
2022,3,"12,69",20223,7
2022,3,"19,04",20223,8
2022,3,"11,14",20223,9
2022,3,"15,06",20223,10
2022,3,"31,82",20223,11
2022,3,"21,47",20223,12
2022,3,"14,24",20223,13
2022,3,"14,11",20223,14
2022,3,"23,92",20223,15
2022,3,"20,91",20223,16
2022,3,"13,99",20223,17
2022,3,"12,94",20223,18
2022,3,"23,39",20223,19
2022,3,"12,85",20223,20
2022,3,"24,7",20223,21
2022,3,"11,91",20223,22
2022,3,"29,5",20223,23
2022,3,"15,14",20223,24
2022,2,"26,13",20222,2
2022,2,"49,87",20222,1
2022,2,"15,87",20222,3
2022,2,"11,7",20222,4
2022,2,"25,5",20222,5
2022,2,"26,78",20222,6
2022,2,"12,73",20222,7
2022,2,"19,1",20222,8
2022,2,"11,05",20222,9
2022,2,"14,66",20222,10
2022,2,"30,63",20222,11
2022,2,"21,33",20222,12
2022,2,"13,78",20222,13
2022,2,"13,89",20222,14
2022,2,"23,82",20222,15
2022,2,"20,87",20222,16
2022,2,"13,94",20222,17
2022,2,"12,6",20222,18
2022,2,"23,4",20222,19
2022,2,"12,84",20222,20
2022,2,"24,5",20222,21
2022,2,"11,84",20222,22
2022,2,"29,6",20222,23
2022,2,"14,69",20222,24
2022,1,"25,56",20221,2
2022,1,"46,01",20221,1
2022,1,"14,81",20221,3
2022,1,"11,78",20221,4
2022,1,"26,99",20221,5
2022,1,"26,26",20221,6
2022,1,"12,55",20221,7
2022,1,"19,05",20221,8
2022,1,"8,9",20221,9
2022,1,"14,85",20221,10
2022,1,"30,2",20221,11
2022,1,"20,97",20221,12
2022,1,"13,6",20221,13
2022,1,"13,36",20221,14
2022,1,"22,08",20221,15
2022,1,"20,62",20221,16
2022,1,"13,59",20221,17
2022,1,"11,09",20221,18
2022,1,"23,1",20221,19
2022,1,"12,89",20221,20
2022,1,"24,31",20221,21
2022,1,"11,71",20221,22
2022,1,"29,14",20221,23
2022,1,"14,22",20221,24
2021,4,"25,36",20214,2
2021,4,"45,85",20214,1
2021,4,"14,05",20214,3
2021,4,"11,77",20214,4
2021,4,"25,31",20214,5
2021,4,"25,87",20214,6
2021,4,"11,98",20214,7
2021,4,"18,88",20214,8
2021,4,"8,77",20214,9
2021,4,"14,56",20214,10
2021,4,"29,51",20214,11
2021,4,"20,74",20214,12
2021,4,"13,26",20214,13
2021,4,"13,36",20214,14
2021,4,"21,82",20214,15
2021,4,"20,21",20214,16
2021,4,"13,76",20214,17
2021,4,"10,08",20214,18
2021,4,"22,98",20214,19
2021,4,"12,81",20214,20
2021,4,"24,24",20214,21
2021,4,"11,68",20214,22
2021,4,"29,17",20214,23
2021,4,"13,85",20214,24
2021,3,"23,97",20213,2
2021,3,"45,9",20213,1
2021,3,"13,41",20213,3
2021,3,"11,48",20213,4
2021,3,"24,74",20213,5
2021,3,"24,89",20213,6
2021,3,"11,82",20213,7
2021,3,"18,59",20213,8
2021,3,"8,64",20213,9
2021,3,"14,24",20213,10
2021,3,"27,77",20213,11
2021,3,"20,57",20213,12
2021,3,"12,71",20213,13
2021,3,"12,41",20213,14
2021,3,"20,75",20213,15
2021,3,"19,06",20213,16
2021,3,"13,55",20213,17
2021,3,"10,05",20213,18
2021,3,"22,86",20213,19
2021,3,"13,02",20213,20
2021,3,"23,59",20213,21
2021,3,"11,66",20213,22
2021,3,"28,15",20213,23
2021,3,"13,53",20213,24
2021,2,"23,35",20212,2
2021,2,"45,49",20212,1
2021,2,"13,31",20212,3
2021,2,"11,58",20212,4
2021,2,"22,16",20212,5
2021,2,"24,53",20212,6
2021,2,"11,47",20212,7
2021,2,"18,44",20212,8
2021,2,"8,46",20212,9
2021,2,"14,37",20212,10
2021,2,"27,04",20212,11
2021,2,"20,49",20212,12
2021,2,"11,43",20212,13
2021,2,"12,26",20212,14
2021,2,"20,58",20212,15
2021,2,"19,05",20212,16
2021,2,"13,3",20212,17
2021,2,"10,01",20212,18
2021,2,"23,89",20212,19
2021,2,"13,1",20212,20
2021,2,"23,6",20212,21
2021,2,"11,55",20212,22
2021,2,"20,13",20212,23
2021,2,"13,61",20212,24
2021,1,"23,0",20211,2
2021,1,"44,83",20211,1
2021,1,"12,44",20211,3
2021,1,"11,53",20211,4
2021,1,"21,15",20211,5
2021,1,"24,06",20211,6
2021,1,"11,23",20211,7
2021,1,"18,07",20211,8
2021,1,"8,33",20211,9
2021,1,"14,23",20211,10
2021,1,"26,94",20211,11
2021,1,"13,26",20211,12
2021,1,"10,93",20211,13
2021,1,"11,76",20211,14
2021,1,"19,9",20211,15
2021,1,"18,72",20211,16
2021,1,"13,06",20211,17
2021,1,"9,95",20211,18
2021,1,"23,25",20211,19
2021,1,"12,39",20211,20
2021,1,"23,24",20211,21
2021,1,"11,33",20211,22
2021,1,"22,93",20211,23
2021,1,"13,58",20211,24
2020,4,"22,9",20204,2
2020,4,"44,83",20204,1
2020,4,"12,57",20204,3
2020,4,"11,5",20204,4
2020,4,"20,95",20204,5
2020,4,"23,9",20204,6
2020,4,"11,17",20204,7
2020,4,"17,78",20204,8
2020,4,"8,27",20204,9
2020,4,"13,67",20204,10
2020,4,"26,94",20204,11
2020,4,"13,34",20204,12
2020,4,"10,78",20204,13
2020,4,"11,61",20204,14
2020,4,"19,94",20204,15
2020,4,"18,79",20204,16
2020,4,"13,09",20204,17
2020,4,"9,25",20204,18
2020,4,"23,38",20204,19
2020,4,"11,01",20204,20
2020,4,"23,14",20204,21
2020,4,"10,86",20204,22
2020,4,"22,61",20204,23
2020,4,"13,57",20204,24
2020,3,"22,41",20203,2
2020,3,"44,62",20203,1
2020,3,"12,0",20203,3
2020,3,"11,1",20203,4
2020,3,"20,95",20203,5
2020,3,"23,03",20203,6
2020,3,"10,99",20203,7
2020,3,"17,4",20203,8
2020,3,"8,12",20203,9
2020,3,"13,82",20203,10
2020,3,"26,12",20203,11
2020,3,"13,34",20203,12
2020,3,"10,42",20203,13
2020,3,"11,33",20203,14
2020,3,"19,42",20203,15
2020,3,"17,55",20203,16
2020,3,"12,67",20203,17
2020,3,"9,88",20203,18
2020,3,"22,88",20203,19
2020,3,"10,7",20203,20
2020,3,"22,68",20203,21
2020,3,"10,76",20203,22
2020,3,"22,77",20203,23
2020,3,"13,18",20203,24
2020,2,"21,55",20202,2
2020,2,"44,15",20202,1
2020,2,"11,56",20202,3
2020,2,"10,65",20202,4
2020,2,"17,58",20202,5
2020,2,"22,26",20202,6
2020,2,"10,61",20202,7
2020,2,"16,9",20202,8
2020,2,"7,93",20202,9
2020,2,"12,25",20202,10
2020,2,"25,07",20202,11
2020,2,"13,27",20202,12
2020,2,"10,12",20202,13
2020,2,"11,14",20202,14
2020,2,"19,02",20202,15
2020,2,"17,34",20202,16
2020,2,"12,49",20202,17
2020,2,"8,94",20202,18
2020,2,"22,44",20202,19
2020,2,"10,65",20202,20
2020,2,"22,01",20202,21
2020,2,"10,79",20202,22
2020,2,"22,64",20202,23
2020,2,"12,83",20202,24
2020,1,"21,21",20201,2
2020,1,"44,02",20201,1
2020,1,"9,57",20201,3
2020,1,"10,02",20201,4
2020,1,"15,72",20201,5
2020,1,"21,64",20201,6
2020,1,"10,2",20201,7
2020,1,"16,78",20201,8
2020,1,"7,69",20201,9
2020,1,"11,93",20201,10
2020,1,"24,96",20201,11
2020,1,"12,34",20201,12
2020,1,"9,25",20201,13
2020,1,"10,63",20201,14
2020,1,"18,41",20201,15
2020,1,"16,95",20201,16
2020,1,"12,01",20201,17
2020,1,"8,25",20201,18
2020,1,"21,84",20201,19
2020,1,"10,7",20201,20
2020,1,"21,86",20201,21
2020,1,"10,54",20201,22
2020,1,"22,55",20201,23
2020,1,"11,85",20201,24
2019,4,"21,14",20194,2
2019,4,"44,19",20194,1
2019,4,"9,27",20194,3
2019,4,"9,85",20194,4
2019,4,"15,68",20194,5
2019,4,"21,58",20194,6
2019,4,"10,21",20194,7
2019,4,"17,34",20194,8
2019,4,"7,76",20194,9
2019,4,"11,6",20194,10
2019,4,"25,34",20194,11
2019,4,"12,55",20194,12
2019,4,"9,39",20194,13
2019,4,"10,84",20194,14
2019,4,"17,67",20194,15
2019,4,"17,13",20194,16
2019,4,"12,2",20194,17
2019,4,"8,37",20194,18
2019,4,"21,44",20194,19
2019,4,"10,92",20194,20
2019,4,"21,85",20194,21
2019,4,"10,65",20194,22
2019,4,"23,63",20194,23
2019,4,"11,8",20194,24
2019,3,"22,76",20193,2
2019,3,"46,9",20193,1
2019,3,"7,86",20193,3
2019,3,"9,58",20193,4
2019,3,"14,58",20193,5
2019,3,"21,0",20193,6
2019,3,"10,13",20193,7
2019,3,"17,31",20193,8
2019,3,"7,66",20193,9
2019,3,"11,33",20193,10
2019,3,"25,52",20193,11
2019,3,"12,76",20193,12
2019,3,"11,37",20193,13
2019,3,"10,71",20193,14
2019,3,"19,09",20193,15
2019,3,"19,51",20193,16
2019,3,"10,77",20193,17
2019,3,"9,44",20193,18
2019,3,"24,39",20193,19
2019,3,"10,6",20193,20
2019,3,"21,66",20193,21
2019,3,"13,73",20193,22
2019,3,"28,6",20193,23
2019,3,"9,78",20193,24
2019,2,"22,22",20192,2
2019,2,"46,09",20192,1
2019,2,"8,17",20192,3
2019,2,"9,13",20192,4
2019,2,"14,4",20192,5
2019,2,"20,84",20192,6
2019,2,"10,05",20192,7
2019,2,"17,19",20192,8
2019,2,"7,74",20192,9
2019,2,"11,38",20192,10
2019,2,"25,4",20192,11
2019,2,"12,97",20192,12
2019,2,"11,37",20192,13
2019,2,"10,66",20192,14
2019,2,"18,78",20192,15
2019,2,"18,79",20192,16
2019,2,"10,15",20192,17
2019,2,"9,07",20192,18
2019,2,"23,41",20192,19
2019,2,"8,58",20192,20
2019,2,"21,2",20192,21
2019,2,"13,1",20192,22
2019,2,"28,11",20192,23
2019,2,"9,94",20192,24
2019,1,"21,64",20191,2
2019,1,"45,58",20191,1
2019,1,"8,19",20191,3
2019,1,"8,72",20191,4
2019,1,"13,18",20191,5
2019,1,"20,06",20191,6
2019,1,"9,25",20191,7
2019,1,"16,98",20191,8
2019,1,"7,55",20191,9
2019,1,"11,87",20191,10
2019,1,"25,16",20191,11
2019,1,"13,36",20191,12
2019,1,"10,51",20191,13
2019,1,"9,88",20191,14
2019,1,"17,53",20191,15
2019,1,"16,48",20191,16
2019,1,"9,71",20191,17
2019,1,"8,11",20191,18
2019,1,"19,27",20191,19
2019,1,"7,04",20191,20
2019,1,"21,06",20191,21
2019,1,"9,31",20191,22
2019,1,"27,68",20191,23
2019,1,"10,31",20191,24
2018,4,"21,06",20184,2
2018,4,"45,25",20184,1
2018,4,"8,2",20184,3
2018,4,"8,71",20184,4
2018,4,"13,06",20184,5
2018,4,"19,93",20184,6
2018,4,"9,1",20184,7
2018,4,"16,26",20184,8
2018,4,"7,57",20184,9
2018,4,"11,9",20184,10
2018,4,"24,22",20184,11
2018,4,"13,4",20184,12
2018,4,"10,54",20184,13
2018,4,"9,38",20184,14
2018,4,"17,58",20184,15
2018,4,"15,95",20184,16
2018,4,"9,64",20184,17
2018,4,"8,13",20184,18
2018,4,"19,33",20184,19
2018,4,"7,05",20184,20
2018,4,"20,62",20184,21
2018,4,"9,28",20184,22
2018,4,"27,75",20184,23
2018,4,"10,34",20184,24
2018,3,"20,96",20183,2
2018,3,"45,38",20183,1
2018,3,"8,37",20183,3
2018,3,"8,63",20183,4
2018,3,"17,29",20183,5
2018,3,"19,67",20183,6
2018,3,"9,02",20183,7
2018,3,"15,02",20183,8
2018,3,"7,53",20183,9
2018,3,"5,95",20183,10
2018,3,"23,64",20183,11
2018,3,"13,51",20183,12
2018,3,"10,6",20183,13
2018,3,"8,74",20183,14
2018,3,"18,01",20183,15
2018,3,"15,55",20183,16
2018,3,"9,55",20183,17
2018,3,"8,42",20183,18
2018,3,"14,98",20183,19
2018,3,"9,74",20183,20
2018,3,"19,94",20183,21
2018,3,"9,0",20183,22
2018,3,"27,51",20183,23
2018,3,"10,33",20183,24
2018,2,"20,37",20182,2
2018,2,"44,63",20182,1
2018,2,"8,36",20182,3
2018,2,"8,35",20182,4
2018,2,"16,83",20182,5
2018,2,"19,37",20182,6
2018,2,"8,9",20182,7
2018,2,"14,71",20182,8
2018,2,"7,49",20182,9
2018,2,"5,99",20182,10
2018,2,"23,41",20182,11
2018,2,"13,57",20182,12
2018,2,"10,32",20182,13
2018,2,"8,62",20182,14
2018,2,"17,93",20182,15
2018,2,"15,43",20182,16
2018,2,"9,67",20182,17
2018,2,"8,39",20182,18
2018,2,"4,34",20182,19
2018,2,"9,92",20182,20
2018,2,"19,68",20182,21
2018,2,"8,75",20182,22
2018,2,"27,16",20182,23
2018,2,"10,28",20182,24
2018,1,"20,28",20181,2
2018,1,"44,56",20181,1
2018,1,"8,34",20181,3
2018,1,"8,24",20181,4
2018,1,"16,47",20181,5
2018,1,"19,45",20181,6
2018,1,"8,6",20181,7
2018,1,"14,56",20181,8
2018,1,"5,45",20181,9
2018,1,"5,91",20181,10
2018,1,"23,64",20181,11
2018,1,"13,69",20181,12
2018,1,"10,35",20181,13
2018,1,"8,43",20181,14
2018,1,"18,31",20181,15
2018,1,"15,32",20181,16
2018,1,"9,63",20181,17
2018,1,"8,31",20181,18
2018,1,"4,34",20181,19
2018,1,"9,98",20181,20
2018,1,"19,58",20181,21
2018,1,"8,68",20181,22
2018,1,"19,33",20181,23
2018,1,"10,2",20181,24
2017,4,"18,61",20174,2
2017,4,"51,62",20174,1
2017,4,"7,28",20174,3
2017,4,"8,23",20174,4
2017,4,"15,78",20174,5
2017,4,"19,39",20174,6
2017,4,"8,56",20174,7
2017,4,"14,32",20174,8
2017,4,"5,41",20174,9
2017,4,"5,82",20174,10
2017,4,"23,41",20174,11
2017,4,"13,73",20174,12
2017,4,"9,3",20174,13
2017,4,"8,48",20174,14
2017,4,"18,23",20174,15
2017,4,"15,19",20174,16
2017,4,"9,64",20174,17
2017,4,"7,72",20174,18
2017,4,"3,03",20174,19
2017,4,"8,6",20174,20
2017,4,"19,41",20174,21
2017,4,"7,23",20174,22
2017,4,"17,76",20174,23
2017,4,"9,88",20174,24
2017,3,"17,94",20173,2
2017,3,"51,24",20173,1
2017,3,"8,27",20173,3
2017,3,"8,01",20173,4
2017,3,"14,17",20173,5
2017,3,"19,08",20173,6
2017,3,"8,47",20173,7
2017,3,"13,74",20173,8
2017,3,"5,43",20173,9
2017,3,"5,79",20173,10
2017,3,"22,78",20173,11
2017,3,"13,7",20173,12
2017,3,"9,96",20173,13
2017,3,"8,23",20173,14
2017,3,"18,11",20173,15
2017,3,"14,92",20173,16
2017,3,"9,65",20173,17
2017,3,"8,25",20173,18
2017,3,"4,43",20173,19
2017,3,"9,91",20173,20
2017,3,"19,15",20173,21
2017,3,"8,72",20173,22
2017,3,"19,49",20173,23
2017,3,"9,83",20173,24
2017,2,"18,1",20172,2
2017,2,"52,24",20172,1
2017,2,"6,61",20172,3
2017,2,"7,76",20172,4
2017,2,"10,9",20172,5
2017,2,"18,06",20172,6
2017,2,"8,27",20172,7
2017,2,"13,57",20172,8
2017,2,"5,08",20172,9
2017,2,"5,73",20172,10
2017,2,"20,92",20172,11
2017,2,"4,31",20172,12
2017,2,"8,86",20172,13
2017,2,"8,2",20172,14
2017,2,"18,43",20172,15
2017,2,"14,16",20172,16
2017,2,"7,93",20172,17
2017,2,"6,87",20172,18
2017,2,"2,72",20172,19
2017,2,"7,81",20172,20
2017,2,"16,44",20172,21
2017,2,"3,5",20172,22
2017,2,"20,3",20172,23
2017,2,"9,46",20172,24
2017,1,"18,8",20171,2
2017,1,"45,69",20171,1
2017,1,"6,53",20171,3
2017,1,"7,65",20171,4
2017,1,"10,93",20171,5
2017,1,"17,65",20171,6
2017,1,"8,15",20171,7
2017,1,"13,43",20171,8
2017,1,"5,05",20171,9
2017,1,"5,82",20171,10
2017,1,"20,65",20171,11
2017,1,"4,31",20171,12
2017,1,"8,89",20171,13
2017,1,"8,04",20171,14
2017,1,"18,17",20171,15
2017,1,"14,16",20171,16
2017,1,"7,89",20171,17
2017,1,"6,89",20171,18
2017,1,"2,73",20171,19
2017,1,"7,89",20171,20
2017,1,"16,34",20171,21
2017,1,"3,65",20171,22
2017,1,"20,44",20171,23
2017,1,"9,39",20171,24
2016,4,"18,58",20164,2
2016,4,"45,78",20164,1
2016,4,"6,72",20164,3
2016,4,"7,65",20164,4
2016,4,"10,96",20164,5
2016,4,"17,57",20164,6
2016,4,"8,12",20164,7
2016,4,"13,45",20164,8
2016,4,"5,03",20164,9
2016,4,"5,76",20164,10
2016,4,"20,67",20164,11
2016,4,"4,35",20164,12
2016,4,"8,91",20164,13
2016,4,"8,05",20164,14
2016,4,"17,99",20164,15
2016,4,"14,17",20164,16
2016,4,"7,87",20164,17
2016,4,"6,91",20164,18
2016,4,"2,74",20164,19
2016,4,"7,94",20164,20
2016,4,"16,35",20164,21
2016,4,"3,72",20164,22
2016,4,"20,57",20164,23
2016,4,"9,35",20164,24
2016,3,"18,3",20163,2
2016,3,"45,85",20163,1
2016,3,"6,72",20163,3
2016,3,"7,71",20163,4
2016,3,"11,04",20163,5
2016,3,"17,79",20163,6
2016,3,"8,16",20163,7
2016,3,"13,55",20163,8
2016,3,"4,73",20163,9
2016,3,"5,76",20163,10
2016,3,"20,29",20163,11
2016,3,"4,53",20163,12
2016,3,"8,93",20163,13
2016,3,"8,12",20163,14
2016,3,"17,86",20163,15
2016,3,"14,22",20163,16
2016,3,"7,96",20163,17
2016,3,"6,94",20163,18
2016,3,"2,75",20163,19
2016,3,"7,93",20163,20
2016,3,"16,53",20163,21
2016,3,"3,79",20163,22
2016,3,"20,31",20163,23
2016,3,"9,36",20163,24
2016,2,"18,1",20162,2
2016,2,"45,59",20162,1
2016,2,"6,63",20162,3
2016,2,"7,64",20162,4
2016,2,"11,07",20162,5
2016,2,"17,62",20162,6
2016,2,"8,05",20162,7
2016,2,"13,38",20162,8
2016,2,"4,93",20162,9
2016,2,"5,6",20162,10
2016,2,"19,91",20162,11
2016,2,"4,49",20162,12
2016,2,"8,97",20162,13
2016,2,"7,96",20162,14
2016,2,"17,59",20162,15
2016,2,"14,22",20162,16
2016,2,"7,77",20162,17
2016,2,"6,96",20162,18
2016,2,"2,75",20162,19
2016,2,"7,96",20162,20
2016,2,"16,49",20162,21
2016,2,"3,94",20162,22
2016,2,"20,08",20162,23
2016,2,"9,22",20162,24
2016,1,"17,54",20161,2
2016,1,"43,76",20161,1
2016,1,"6,61",20161,3
2016,1,"7,52",20161,4
2016,1,"11,12",20161,5
2016,1,"16,97",20161,6
2016,1,"7,94",20161,7
2016,1,"13,14",20161,8
2016,1,"4,86",20161,9
2016,1,"5,49",20161,10
2016,1,"19,1",20161,11
2016,1,"4,5",20161,12
2016,1,"8,99",20161,13
2016,1,"7,75",20161,14
2016,1,"16,66",20161,15
2016,1,"14,15",20161,16
2016,1,"7,61",20161,17
2016,1,"6,98",20161,18
2016,1,"2,75",20161,19
2016,1,"8,05",20161,20
2016,1,"16,16",20161,21
2016,1,"4,03",20161,22
2016,1,"19,65",20161,23
2016,1,"9,13",20161,24
2015,4,"17,68",20154,2
2015,4,"44,83",20154,1
2015,4,"6,64",20154,3
2015,4,"7,54",20154,4
2015,4,"11,21",20154,5
2015,4,"17,47",20154,6
2015,4,"7,95",20154,7
2015,4,"13,12",20154,8
2015,4,"4,83",20154,9
2015,4,"5,46",20154,10
2015,4,"19,27",20154,11
2015,4,"4,58",20154,12
2015,4,"9,02",20154,13
2015,4,"7,77",20154,14
2015,4,"17,23",20154,15
2015,4,"14,19",20154,16
2015,4,"7,6",20154,17
2015,4,"7,01",20154,18
2015,4,"2,76",20154,19
2015,4,"8,14",20154,20
2015,4,"16,47",20154,21
2015,4,"4,2",20154,22
2015,4,"19,44",20154,23
2015,4,"9,12",20154,24
2015,3,"17,55",20153,2
2015,3,"44,91",20153,1
2015,3,"6,56",20153,3
2015,3,"7,45",20153,4
2015,3,"11,23",20153,5
2015,3,"17,43",20153,6
2015,3,"7,93",20153,7
2015,3,"13,03",20153,8
2015,3,"4,78",20153,9
2015,3,"5,42",20153,10
2015,3,"19,06",20153,11
2015,3,"4,55",20153,12
2015,3,"9,04",20153,13
2015,3,"7,69",20153,14
2015,3,"16,2",20153,15
2015,3,"14,22",20153,16
2015,3,"7,53",20153,17
2015,3,"7,03",20153,18
2015,3,"2,77",20153,19
2015,3,"8,16",20153,20
2015,3,"16,36",20153,21
2015,3,"4,24",20153,22
2015,3,"22,05",20153,23
2015,3,"9,04",20153,24
2015,2,"17,33",20152,2
2015,2,"44,08",20152,1
2015,2,"6,48",20152,3
2015,2,"7,34",20152,4
2015,2,"11,22",20152,5
2015,2,"17,11",20152,6
2015,2,"7,79",20152,7
2015,2,"12,84",20152,8
2015,2,"4,67",20152,9
2015,2,"5,19",20152,10
2015,2,"18,69",20152,11
2015,2,"4,49",20152,12
2015,2,"9,07",20152,13
2015,2,"7,45",20152,14
2015,2,"15,81",20152,15
2015,2,"14,14",20152,16
2015,2,"7,38",20152,17
2015,2,"7,04",20152,18
2015,2,"2,78",20152,19
2015,2,"8,06",20152,20
2015,2,"16,09",20152,21
2015,2,"4,25",20152,22
2015,2,"22,1",20152,23
2015,2,"8,84",20152,24
2015,1,"17,24",20151,2
2015,1,"43,66",20151,1
2015,1,"6,4",20151,3
2015,1,"7,14",20151,4
2015,1,"11,59",20151,5
2015,1,"16,79",20151,6
2015,1,"7,64",20151,7
2015,1,"12,61",20151,8
2015,1,"4,62",20151,9
2015,1,"5,05",20151,10
2015,1,"18,33",20151,11
2015,1,"4,46",20151,12
2015,1,"9,06",20151,13
2015,1,"7,19",20151,14
2015,1,"15,53",20151,15
2015,1,"13,99",20151,16
2015,1,"7,29",20151,17
2015,1,"7,04",20151,18
2015,1,"2,79",20151,19
2015,1,"8,39",20151,20
2015,1,"15,83",20151,21
2015,1,"4,24",20151,22
2015,1,"22,17",20151,23
2015,1,"8,72",20151,24
2014,4,"17,01",20144,2
2014,4,"43,6",20144,1
2014,4,"6,46",20144,3
2014,4,"5,81",20144,4
2014,4,"12,22",20144,5
2014,4,"16,66",20144,6
2014,4,"6,17",20144,7
2014,4,"10,72",20144,8
2014,4,"4,55",20144,9
2014,4,"4,98",20144,10
2014,4,"16,82",20144,11
2014,4,"4,5",20144,12
2014,4,"9,06",20144,13
2014,4,"6,54",20144,14
2014,4,"15,53",20144,15
2014,4,"13,89",20144,16
2014,4,"7,1",20144,17
2014,4,"7,1",20144,18
2014,4,"2,78",20144,19
2014,4,"8,16",20144,20
2014,4,"15,66",20144,21
2014,4,"4,26",20144,22
2014,4,"19,34",20144,23
2014,4,"8,69",20144,24
2014,3,"17,26",20143,2
2014,3,"43,21",20143,1
2014,3,"6,27",20143,3
2014,3,"5,63",20143,4
2014,3,"12,39",20143,5
2014,3,"16,56",20143,6
2014,3,"5,99",20143,7
2014,3,"10,43",20143,8
2014,3,"4,51",20143,9
2014,3,"4,68",20143,10
2014,3,"18,34",20143,11
2014,3,"4,38",20143,12
2014,3,"8,99",20143,13
2014,3,"6,4",20143,14
2014,3,"16,73",20143,15
2014,3,"14,16",20143,16
2014,3,"7,05",20143,17
2014,3,"7,08",20143,18
2014,3,"2,77",20143,19
2014,3,"8,34",20143,20
2014,3,"15,44",20143,21
2014,3,"4,08",20143,22
2014,3,"19,34",20143,23
2014,3,"8,38",20143,24
2014,2,"16,79",20142,2
2014,2,"42,97",20142,1
2014,2,"6,28",20142,3
2014,2,"5,6",20142,4
2014,2,"12,7",20142,5
2014,2,"16,37",20142,6
2014,2,"5,95",20142,7
2014,2,"10,37",20142,8
2014,2,"4,46",20142,9
2014,2,"4,78",20142,10
2014,2,"16,38",20142,11
2014,2,"4,39",20142,12
2014,2,"8,96",20142,13
2014,2,"6,37",20142,14
2014,2,"15,14",20142,15
2014,2,"13,95",20142,16
2014,2,"7,0",20142,17
2014,2,"7,08",20142,18
2014,2,"2,78",20142,19
2014,2,"8,74",20142,20
2014,2,"15,22",20142,21
2014,2,"4,14",20142,22
2014,2,"19,09",20142,23
2014,2,"8,41",20142,24
2014,1,"16,69",20141,2
2014,1,"42,66",20141,1
2014,1,"6,18",20141,3
2014,1,"5,55",20141,4
2014,1,"12,7",20141,5
2014,1,"16,13",20141,6
2014,1,"5,89",20141,7
2014,1,"10,3",20141,8
2014,1,"4,44",20141,9
2014,1,"4,72",20141,10
2014,1,"15,99",20141,11
2014,1,"4,35",20141,12
2014,1,"8,93",20141,13
2014,1,"6,32",20141,14
2014,1,"14,88",20141,15
2014,1,"13,87",20141,16
2014,1,"11,85",20141,17
2014,1,"11,85",20141,18
2014,1,"11,85",20141,19
2014,1,"11,85",20141,20
2014,1,"11,85",20141,21
2014,1,"11,85",20141,22
2014,1,"11,85",20141,23
2014,1,"11,85",20141,24
