Año,Trimestre,Mbps (Media de bajada),Año-Trimestre,Id_Provincia
2024,2,"157,41",20242,2
2024,2,"233,01",20242,1
2024,2,"97,38",20242,3
2024,2,"107,76",20242,4
2024,2,"21,67",20242,5
2024,2,"117,39",20242,6
2024,2,"104,26",20242,7
2024,2,"100,98",20242,8
2024,2,"82,66",20242,9
2024,2,"49,87",20242,10
2024,2,"28,73",20242,11
2024,2,"64,24",20242,12
2024,2,"55,32",20242,13
2024,2,"96,15",20242,14
2024,2,"97,04",20242,15
2024,2,"75,05",20242,16
2024,2,"87,03",20242,17
2024,2,"32,17",20242,18
2024,2,"181,61",20242,19
2024,2,"29,89",20242,20
2024,2,"102,51",20242,21
2024,2,"48,95",20242,22
2024,2,"22,09",20242,23
2024,2,"108,93",20242,24
2024,1,"159,13",20241,2
2024,1,"229,94",20241,1
2024,1,"91,45",20241,3
2024,1,"107,51",20241,4
2024,1,"20,5",20241,5
2024,1,"114,89",20241,6
2024,1,"102,49",20241,7
2024,1,"101,36",20241,8
2024,1,"83,8",20241,9
2024,1,"47,52",20241,10
2024,1,"26,55",20241,11
2024,1,"63,71",20241,12
2024,1,"51,85",20241,13
2024,1,"94,98",20241,14
2024,1,"98,16",20241,15
2024,1,"75,0",20241,16
2024,1,"84,34",20241,17
2024,1,"30,58",20241,18
2024,1,"179,49",20241,19
2024,1,"31,6",20241,20
2024,1,"100,2",20241,21
2024,1,"44,9",20241,22
2024,1,"21,54",20241,23
2024,1,"103,36",20241,24
2023,4,"158,49",20234,2
2023,4,"234,44",20234,1
2023,4,"89,4",20234,3
2023,4,"107,14",20234,4
2023,4,"20,29",20234,5
2023,4,"114,03",20234,6
2023,4,"100,9",20234,7
2023,4,"101,18",20234,8
2023,4,"83,35",20234,9
2023,4,"46,2",20234,10
2023,4,"25,61",20234,11
2023,4,"64,18",20234,12
2023,4,"49,46",20234,13
2023,4,"93,65",20234,14
2023,4,"99,63",20234,15
2023,4,"74,37",20234,16
2023,4,"83,04",20234,17
2023,4,"24,78",20234,18
2023,4,"174,59",20234,19
2023,4,"36,77",20234,20
2023,4,"99,81",20234,21
2023,4,"44,22",20234,22
2023,4,"17,92",20234,23
2023,4,"101,55",20234,24
2023,3,"146,84",20233,2
2023,3,"218,13",20233,1
2023,3,"87,9",20233,3
2023,3,"107,5",20233,4
2023,3,"19,26",20233,5
2023,3,"111,5",20233,6
2023,3,"99,64",20233,7
2023,3,"96,26",20233,8
2023,3,"80,29",20233,9
2023,3,"44,55",20233,10
2023,3,"24,21",20233,11
2023,3,"63,84",20233,12
2023,3,"46,96",20233,13
2023,3,"91,49",20233,14
2023,3,"96,57",20233,15
2023,3,"70,93",20233,16
2023,3,"80,8",20233,17
2023,3,"24,45",20233,18
2023,3,"104,97",20233,19
2023,3,"15,67",20233,20
2023,3,"97,39",20233,21
2023,3,"41,46",20233,22
2023,3,"17,17",20233,23
2023,3,"98,85",20233,24
2023,2,"138,35",20232,2
2023,2,"208,01",20232,1
2023,2,"86,13",20232,3
2023,2,"105,45",20232,4
2023,2,"18,58",20232,5
2023,2,"111,82",20232,6
2023,2,"97,21",20232,7
2023,2,"89,37",20232,8
2023,2,"77,32",20232,9
2023,2,"43,56",20232,10
2023,2,"22,78",20232,11
2023,2,"63,55",20232,12
2023,2,"42,69",20232,13
2023,2,"90,55",20232,14
2023,2,"93,97",20232,15
2023,2,"70,76",20232,16
2023,2,"79,1",20232,17
2023,2,"20,39",20232,18
2023,2,"103,84",20232,19
2023,2,"15,48",20232,20
2023,2,"94,87",20232,21
2023,2,"37,62",20232,22
2023,2,"16,92",20232,23
2023,2,"96,69",20232,24
2023,1,"116,18",20231,2
2023,1,"188,65",20231,1
2023,1,"87,41",20231,3
2023,1,"104,33",20231,4
2023,1,"18,36",20231,5
2023,1,"109,57",20231,6
2023,1,"94,8",20231,7
2023,1,"86,71",20231,8
2023,1,"73,96",20231,9
2023,1,"42,75",20231,10
2023,1,"20,09",20231,11
2023,1,"63,13",20231,12
2023,1,"41,45",20231,13
2023,1,"89,81",20231,14
2023,1,"93,42",20231,15
2023,1,"74,4",20231,16
2023,1,"76,85",20231,17
2023,1,"18,7",20231,18
2023,1,"55,85",20231,19
2023,1,"14,98",20231,20
2023,1,"92,22",20231,21
2023,1,"36,27",20231,22
2023,1,"14,58",20231,23
2023,1,"95,79",20231,24
2022,4,"111,0",20224,2
2022,4,"182,86",20224,1
2022,4,"83,33",20224,3
2022,4,"104,02",20224,4
2022,4,"15,92",20224,5
2022,4,"108,77",20224,6
2022,4,"94,72",20224,7
2022,4,"87,47",20224,8
2022,4,"72,03",20224,9
2022,4,"39,32",20224,10
2022,4,"19,1",20224,11
2022,4,"61,0",20224,12
2022,4,"38,76",20224,13
2022,4,"91,24",20224,14
2022,4,"95,37",20224,15
2022,4,"75,31",20224,16
2022,4,"75,93",20224,17
2022,4,"16,39",20224,18
2022,4,"30,67",20224,19
2022,4,"14,33",20224,20
2022,4,"90,3",20224,21
2022,4,"34,4",20224,22
2022,4,"13,48",20224,23
2022,4,"88,33",20224,24
2022,3,"70,19",20223,2
2022,3,"101,05",20223,1
2022,3,"60,99",20223,3
2022,3,"53,21",20223,4
2022,3,"15,57",20223,5
2022,3,"56,32",20223,6
2022,3,"45,07",20223,7
2022,3,"42,49",20223,8
2022,3,"30,35",20223,9
2022,3,"32,43",20223,10
2022,3,"18,1",20223,11
2022,3,"44,3",20223,12
2022,3,"34,16",20223,13
2022,3,"49,3",20223,14
2022,3,"47,81",20223,15
2022,3,"34,13",20223,16
2022,3,"41,33",20223,17
2022,3,"15,84",20223,18
2022,3,"19,33",20223,19
2022,3,"12,6",20223,20
2022,3,"45,15",20223,21
2022,3,"17,69",20223,22
2022,3,"11,01",20223,23
2022,3,"53,36",20223,24
2022,2,"65,5",20222,2
2022,2,"93,97",20222,1
2022,2,"56,56",20222,3
2022,2,"50,61",20222,4
2022,2,"14,91",20222,5
2022,2,"53,51",20222,6
2022,2,"43,31",20222,7
2022,2,"40,03",20222,8
2022,2,"28,47",20222,9
2022,2,"29,39",20222,10
2022,2,"16,07",20222,11
2022,2,"43,28",20222,12
2022,2,"29,72",20222,13
2022,2,"46,23",20222,14
2022,2,"46,53",20222,15
2022,2,"33,26",20222,16
2022,2,"38,77",20222,17
2022,2,"14,44",20222,18
2022,2,"19,32",20222,19
2022,2,"11,81",20222,20
2022,2,"42,01",20222,21
2022,2,"16,34",20222,22
2022,2,"10,97",20222,23
2022,2,"50,09",20222,24
2022,1,"62,51",20221,2
2022,1,"88,22",20221,1
2022,1,"51,22",20221,3
2022,1,"45,84",20221,4
2022,1,"13,4",20221,5
2022,1,"49,89",20221,6
2022,1,"38,11",20221,7
2022,1,"35,59",20221,8
2022,1,"30,28",20221,9
2022,1,"27,69",20221,10
2022,1,"14,84",20221,11
2022,1,"41,37",20221,12
2022,1,"26,2",20221,13
2022,1,"41,87",20221,14
2022,1,"43,05",20221,15
2022,1,"31,09",20221,16
2022,1,"36,71",20221,17
2022,1,"11,99",20221,18
2022,1,"20,95",20221,19
2022,1,"10,89",20221,20
2022,1,"38,89",20221,21
2022,1,"14,5",20221,22
2022,1,"10,73",20221,23
2022,1,"47,24",20221,24
2021,4,"60,21",20214,2
2021,4,"82,95",20214,1
2021,4,"46,38",20214,3
2021,4,"42,34",20214,4
2021,4,"9,08",20214,5
2021,4,"46,36",20214,6
2021,4,"35,77",20214,7
2021,4,"33,32",20214,8
2021,4,"28,76",20214,9
2021,4,"27,14",20214,10
2021,4,"13,85",20214,11
2021,4,"39,7",20214,12
2021,4,"22,23",20214,13
2021,4,"38,9",20214,14
2021,4,"40,09",20214,15
2021,4,"27,2",20214,16
2021,4,"33,94",20214,17
2021,4,"11,05",20214,18
2021,4,"20,91",20214,19
2021,4,"8,99",20214,20
2021,4,"36,02",20214,21
2021,4,"13,84",20214,22
2021,4,"10,7",20214,23
2021,4,"45,15",20214,24
2021,3,"56,26",20213,2
2021,3,"77,71",20213,1
2021,3,"43,43",20213,3
2021,3,"39,11",20213,4
2021,3,"8,18",20213,5
2021,3,"41,93",20213,6
2021,3,"32,17",20213,7
2021,3,"29,6",20213,8
2021,3,"26,69",20213,9
2021,3,"25,98",20213,10
2021,3,"12,99",20213,11
2021,3,"38,87",20213,12
2021,3,"13,37",20213,13
2021,3,"30,88",20213,14
2021,3,"38,34",20213,15
2021,3,"25,4",20213,16
2021,3,"31,21",20213,17
2021,3,"7,04",20213,18
2021,3,"21,7",20213,19
2021,3,"7,69",20213,20
2021,3,"33,13",20213,21
2021,3,"13,35",20213,22
2021,3,"9,52",20213,23
2021,3,"42,1",20213,24
2021,2,"52,76",20212,2
2021,2,"72,75",20212,1
2021,2,"42,19",20212,3
2021,2,"37,4",20212,4
2021,2,"7,68",20212,5
2021,2,"39,59",20212,6
2021,2,"30,37",20212,7
2021,2,"27,62",20212,8
2021,2,"23,97",20212,9
2021,2,"25,81",20212,10
2021,2,"12,28",20212,11
2021,2,"38,53",20212,12
2021,2,"13,47",20212,13
2021,2,"28,68",20212,14
2021,2,"36,11",20212,15
2021,2,"23,75",20212,16
2021,2,"29,24",20212,17
2021,2,"6,99",20212,18
2021,2,"21,66",20212,19
2021,2,"7,63",20212,20
2021,2,"30,7",20212,21
2021,2,"12,72",20212,22
2021,2,"8,59",20212,23
2021,2,"40,31",20212,24
2021,1,"50,79",20211,2
2021,1,"68,29",20211,1
2021,1,"39,97",20211,3
2021,1,"33,63",20211,4
2021,1,"7,53",20211,5
2021,1,"36,17",20211,6
2021,1,"25,99",20211,7
2021,1,"23,87",20211,8
2021,1,"20,98",20211,9
2021,1,"26,78",20211,10
2021,1,"10,73",20211,11
2021,1,"12,7",20211,12
2021,1,"12,6",20211,13
2021,1,"25,08",20211,14
2021,1,"34,24",20211,15
2021,1,"21,92",20211,16
2021,1,"27,32",20211,17
2021,1,"6,91",20211,18
2021,1,"21,59",20211,19
2021,1,"7,5",20211,20
2021,1,"28,13",20211,21
2021,1,"11,58",20211,22
2021,1,"8,73",20211,23
2021,1,"37,98",20211,24
2020,4,"50,01",20204,2
2020,4,"67,33",20204,1
2020,4,"37,65",20204,3
2020,4,"32,45",20204,4
2020,4,"7,38",20204,5
2020,4,"35,12",20204,6
2020,4,"25,45",20204,7
2020,4,"24,05",20204,8
2020,4,"19,7",20204,9
2020,4,"25,21",20204,10
2020,4,"9,88",20204,11
2020,4,"12,53",20204,12
2020,4,"11,09",20204,13
2020,4,"24,96",20204,14
2020,4,"33,91",20204,15
2020,4,"21,64",20204,16
2020,4,"25,32",20204,17
2020,4,"6,41",20204,18
2020,4,"21,25",20204,19
2020,4,"7,49",20204,20
2020,4,"27,29",20204,21
2020,4,"11,28",20204,22
2020,4,"8,49",20204,23
2020,4,"36,44",20204,24
2020,3,"48,38",20203,2
2020,3,"63,81",20203,1
2020,3,"36,54",20203,3
2020,3,"30,8",20203,4
2020,3,"7,4",20203,5
2020,3,"33,51",20203,6
2020,3,"23,85",20203,7
2020,3,"22,43",20203,8
2020,3,"18,28",20203,9
2020,3,"21,91",20203,10
2020,3,"10,7",20203,11
2020,3,"12,19",20203,12
2020,3,"10,19",20203,13
2020,3,"24,14",20203,14
2020,3,"31,46",20203,15
2020,3,"21,08",20203,16
2020,3,"25,26",20203,17
2020,3,"6,03",20203,18
2020,3,"20,85",20203,19
2020,3,"6,65",20203,20
2020,3,"25,69",20203,21
2020,3,"10,88",20203,22
2020,3,"8,51",20203,23
2020,3,"34,84",20203,24
2020,2,"45,66",20202,2
2020,2,"60,48",20202,1
2020,2,"34,93",20202,3
2020,2,"27,95",20202,4
2020,2,"7,61",20202,5
2020,2,"30,99",20202,6
2020,2,"22,15",20202,7
2020,2,"20,45",20202,8
2020,2,"16,87",20202,9
2020,2,"15,86",20202,10
2020,2,"8,03",20202,11
2020,2,"11,67",20202,12
2020,2,"9,27",20202,13
2020,2,"22,56",20202,14
2020,2,"29,1",20202,15
2020,2,"19,68",20202,16
2020,2,"22,56",20202,17
2020,2,"6,31",20202,18
2020,2,"21,02",20202,19
2020,2,"6,59",20202,20
2020,2,"23,93",20202,21
2020,2,"10,41",20202,22
2020,2,"8,13",20202,23
2020,2,"32,7",20202,24
2020,1,"45,18",20201,2
2020,1,"58,71",20201,1
2020,1,"29,13",20201,3
2020,1,"25,94",20201,4
2020,1,"7,12",20201,5
2020,1,"29,39",20201,6
2020,1,"20,54",20201,7
2020,1,"19,03",20201,8
2020,1,"15,7",20201,9
2020,1,"14,14",20201,10
2020,1,"7,29",20201,11
2020,1,"7,96",20201,12
2020,1,"8,44",20201,13
2020,1,"22,15",20201,14
2020,1,"27,77",20201,15
2020,1,"19,06",20201,16
2020,1,"21,43",20201,17
2020,1,"6,04",20201,18
2020,1,"20,99",20201,19
2020,1,"6,42",20201,20
2020,1,"22,42",20201,21
2020,1,"10,0",20201,22
2020,1,"7,41",20201,23
2020,1,"32,25",20201,24
2019,4,"30,77",20194,2
2019,4,"44,2",20194,1
2019,4,"24,88",20194,3
2019,4,"23,37",20194,4
2019,4,"6,99",20194,5
2019,4,"26,16",20194,6
2019,4,"19,26",20194,7
2019,4,"17,01",20194,8
2019,4,"14,53",20194,9
2019,4,"12,96",20194,10
2019,4,"6,53",20194,11
2019,4,"8,0",20194,12
2019,4,"7,79",20194,13
2019,4,"20,32",20194,14
2019,4,"26,02",20194,15
2019,4,"17,18",20194,16
2019,4,"19,08",20194,17
2019,4,"6,04",20194,18
2019,4,"20,69",20194,19
2019,4,"5,21",20194,20
2019,4,"20,55",20194,21
2019,4,"9,79",20194,22
2019,4,"7,27",20194,23
2019,4,"29,87",20194,24
2019,3,"25,68",20193,2
2019,3,"38,71",20193,1
2019,3,"9,29",20193,3
2019,3,"19,99",20193,4
2019,3,"6,97",20193,5
2019,3,"23,19",20193,6
2019,3,"16,7",20193,7
2019,3,"14,7",20193,8
2019,3,"13,22",20193,9
2019,3,"11,97",20193,10
2019,3,"5,72",20193,11
2019,3,"8,0",20193,12
2019,3,"6,11",20193,13
2019,3,"17,93",20193,14
2019,3,"23,75",20193,15
2019,3,"15,98",20193,16
2019,3,"14,75",20193,17
2019,3,"6,04",20193,18
2019,3,"19,74",20193,19
2019,3,"5,02",20193,20
2019,3,"18,17",20193,21
2019,3,"9,39",20193,22
2019,3,"6,69",20193,23
2019,3,"19,32",20193,24
2019,2,"22,48",20192,2
2019,2,"30,35",20192,1
2019,2,"8,81",20192,3
2019,2,"16,01",20192,4
2019,2,"6,05",20192,5
2019,2,"18,43",20192,6
2019,2,"13,83",20192,7
2019,2,"12,19",20192,8
2019,2,"10,84",20192,9
2019,2,"12,07",20192,10
2019,2,"5,49",20192,11
2019,2,"7,89",20192,12
2019,2,"6,03",20192,13
2019,2,"14,5",20192,14
2019,2,"17,24",20192,15
2019,2,"11,63",20192,16
2019,2,"12,55",20192,17
2019,2,"6,12",20192,18
2019,2,"19,88",20192,19
2019,2,"6,01",20192,20
2019,2,"15,07",20192,21
2019,2,"7,1",20192,22
2019,2,"6,34",20192,23
2019,2,"18,53",20192,24
2019,1,"19,64",20191,2
2019,1,"24,72",20191,1
2019,1,"7,96",20191,3
2019,1,"13,44",20191,4
2019,1,"5,89",20191,5
2019,1,"15,73",20191,6
2019,1,"12,05",20191,7
2019,1,"10,66",20191,8
2019,1,"9,83",20191,9
2019,1,"8,56",20191,10
2019,1,"5,06",20191,11
2019,1,"7,09",20191,12
2019,1,"5,74",20191,13
2019,1,"12,51",20191,14
2019,1,"15,88",20191,15
2019,1,"10,49",20191,16
2019,1,"10,38",20191,17
2019,1,"5,84",20191,18
2019,1,"8,71",20191,19
2019,1,"5,78",20191,20
2019,1,"12,99",20191,21
2019,1,"6,42",20191,22
2019,1,"6,34",20191,23
2019,1,"16,57",20191,24
2018,4,"16,93",20184,2
2018,4,"22,94",20184,1
2018,4,"8,04",20184,3
2018,4,"13,49",20184,4
2018,4,"6,09",20184,5
2018,4,"15,81",20184,6
2018,4,"12,14",20184,7
2018,4,"11,02",20184,8
2018,4,"9,82",20184,9
2018,4,"8,56",20184,10
2018,4,"4,32",20184,11
2018,4,"7,09",20184,12
2018,4,"5,75",20184,13
2018,4,"12,5",20184,14
2018,4,"15,89",20184,15
2018,4,"10,49",20184,16
2018,4,"10,46",20184,17
2018,4,"5,72",20184,18
2018,4,"8,82",20184,19
2018,4,"5,12",20184,20
2018,4,"13,18",20184,21
2018,4,"6,31",20184,22
2018,4,"7,44",20184,23
2018,4,"16,58",20184,24
2018,3,"16,78",20183,2
2018,3,"21,64",20183,1
2018,3,"7,81",20183,3
2018,3,"12,89",20183,4
2018,3,"6,08",20183,5
2018,3,"14,82",20183,6
2018,3,"11,49",20183,7
2018,3,"10,52",20183,8
2018,3,"9,32",20183,9
2018,3,"7,67",20183,10
2018,3,"4,28",20183,11
2018,3,"6,16",20183,12
2018,3,"5,79",20183,13
2018,3,"12,49",20183,14
2018,3,"14,67",20183,15
2018,3,"10,06",20183,16
2018,3,"9,27",20183,17
2018,3,"5,74",20183,18
2018,3,"8,81",20183,19
2018,3,"5,37",20183,20
2018,3,"12,36",20183,21
2018,3,"5,78",20183,22
2018,3,"5,99",20183,23
2018,3,"15,26",20183,24
2018,2,"14,68",20182,2
2018,2,"18,94",20182,1
2018,2,"7,69",20182,3
2018,2,"12,5",20182,4
2018,2,"5,33",20182,5
2018,2,"13,88",20182,6
2018,2,"10,88",20182,7
2018,2,"10,19",20182,8
2018,2,"8,97",20182,9
2018,2,"6,29",20182,10
2018,2,"4,1",20182,11
2018,2,"5,59",20182,12
2018,2,"5,88",20182,13
2018,2,"11,76",20182,14
2018,2,"13,37",20182,15
2018,2,"9,51",20182,16
2018,2,"8,93",20182,17
2018,2,"5,85",20182,18
2018,2,"5,9",20182,19
2018,2,"5,19",20182,20
2018,2,"11,75",20182,21
2018,2,"5,91",20182,22
2018,2,"5,94",20182,23
2018,2,"13,51",20182,24
2018,1,"14,2",20181,2
2018,1,"17,75",20181,1
2018,1,"8,2",20181,3
2018,1,"12,44",20181,4
2018,1,"5,42",20181,5
2018,1,"12,79",20181,6
2018,1,"11,12",20181,7
2018,1,"9,88",20181,8
2018,1,"11,06",20181,9
2018,1,"6,74",20181,10
2018,1,"4,0",20181,11
2018,1,"5,89",20181,12
2018,1,"5,88",20181,13
2018,1,"12,08",20181,14
2018,1,"11,96",20181,15
2018,1,"8,98",20181,16
2018,1,"9,19",20181,17
2018,1,"5,85",20181,18
2018,1,"5,89",20181,19
2018,1,"5,19",20181,20
2018,1,"11,17",20181,21
2018,1,"6,25",20181,22
2018,1,"5,77",20181,23
2018,1,"9,36",20181,24
2017,4,"12,97",20174,2
2017,4,"15,2",20174,1
2017,4,"7,78",20174,3
2017,4,"11,7",20174,4
2017,4,"5,41",20174,5
2017,4,"11,64",20174,6
2017,4,"10,38",20174,7
2017,4,"9,3",20174,8
2017,4,"10,11",20174,9
2017,4,"6,64",20174,10
2017,4,"3,98",20174,11
2017,4,"5,88",20174,12
2017,4,"5,71",20174,13
2017,4,"11,32",20174,14
2017,4,"10,72",20174,15
2017,4,"8,05",20174,16
2017,4,"8,45",20174,17
2017,4,"5,83",20174,18
2017,4,"5,73",20174,19
2017,4,"5,21",20174,20
2017,4,"10,3",20174,21
2017,4,"6,17",20174,22
2017,4,"5,2",20174,23
2017,4,"9,11",20174,24
2017,3,"8,43",20173,2
2017,3,"10,64",20173,1
2017,3,"5,26",20173,3
2017,3,"8,48",20173,4
2017,3,"3,48",20173,5
2017,3,"9,12",20173,6
2017,3,"7,45",20173,7
2017,3,"6,99",20173,8
2017,3,"7,07",20173,9
2017,3,"4,69",20173,10
2017,3,"3,44",20173,11
2017,3,"5,01",20173,12
2017,3,"3,51",20173,13
2017,3,"8,43",20173,14
2017,3,"8,17",20173,15
2017,3,"5,49",20173,16
2017,3,"6,13",20173,17
2017,3,"3,45",20173,18
2017,3,"3,5",20173,19
2017,3,"3,61",20173,20
2017,3,"7,79",20173,21
2017,3,"5,18",20173,22
2017,3,"3,48",20173,23
2017,3,"6,39",20173,24
2017,2,"7,2",20172,2
2017,2,"8,84",20172,1
2017,2,"5,1",20172,3
2017,2,"7,69",20172,4
2017,2,"3,45",20172,5
2017,2,"7,42",20172,6
2017,2,"6,79",20172,7
2017,2,"6,29",20172,8
2017,2,"6,18",20172,9
2017,2,"4,54",20172,10
2017,2,"3,32",20172,11
2017,2,"5,53",20172,12
2017,2,"3,51",20172,13
2017,2,"7,6",20172,14
2017,2,"6,7",20172,15
2017,2,"4,74",20172,16
2017,2,"5,76",20172,17
2017,2,"3,49",20172,18
2017,2,"3,5",20172,19
2017,2,"3,6",20172,20
2017,2,"6,84",20172,21
2017,2,"5,06",20172,22
2017,2,"3,48",20172,23
2017,2,"6,09",20172,24
2017,1,"6,68",20171,2
2017,1,"8,35",20171,1
2017,1,"4,97",20171,3
2017,1,"7,31",20171,4
2017,1,"3,44",20171,5
2017,1,"6,8",20171,6
2017,1,"6,43",20171,7
2017,1,"5,95",20171,8
2017,1,"5,74",20171,9
2017,1,"4,39",20171,10
2017,1,"3,22",20171,11
2017,1,"5,43",20171,12
2017,1,"3,51",20171,13
2017,1,"7,34",20171,14
2017,1,"6,03",20171,15
2017,1,"4,45",20171,16
2017,1,"5,34",20171,17
2017,1,"3,49",20171,18
2017,1,"3,5",20171,19
2017,1,"3,59",20171,20
2017,1,"6,28",20171,21
2017,1,"4,95",20171,22
2017,1,"3,48",20171,23
2017,1,"5,88",20171,24
2016,4,"6,35",20164,2
2016,4,"7,96",20164,1
2016,4,"4,89",20164,3
2016,4,"7,08",20164,4
2016,4,"3,41",20164,5
2016,4,"6,47",20164,6
2016,4,"6,24",20164,7
2016,4,"5,81",20164,8
2016,4,"5,63",20164,9
2016,4,"4,32",20164,10
2016,4,"3,19",20164,11
2016,4,"5,34",20164,12
2016,4,"3,51",20164,13
2016,4,"7,11",20164,14
2016,4,"5,68",20164,15
2016,4,"4,37",20164,16
2016,4,"5,22",20164,17
2016,4,"3,49",20164,18
2016,4,"3,5",20164,19
2016,4,"3,56",20164,20
2016,4,"6,04",20164,21
2016,4,"4,87",20164,22
2016,4,"3,48",20164,23
2016,4,"5,73",20164,24
2016,3,"5,91",20163,2
2016,3,"7,38",20163,1
2016,3,"4,73",20163,3
2016,3,"6,72",20163,4
2016,3,"3,34",20163,5
2016,3,"6,07",20163,6
2016,3,"5,96",20163,7
2016,3,"5,59",20163,8
2016,3,"5,42",20163,9
2016,3,"4,22",20163,10
2016,3,"3,14",20163,11
2016,3,"5,08",20163,12
2016,3,"3,51",20163,13
2016,3,"6,74",20163,14
2016,3,"5,29",20163,15
2016,3,"4,16",20163,16
2016,3,"5,05",20163,17
2016,3,"3,49",20163,18
2016,3,"3,5",20163,19
2016,3,"3,54",20163,20
2016,3,"5,68",20163,21
2016,3,"4,67",20163,22
2016,3,"3,48",20163,23
2016,3,"5,54",20163,24
2016,2,"5,42",20162,2
2016,2,"6,58",20162,1
2016,2,"4,36",20162,3
2016,2,"6,3",20162,4
2016,2,"3,34",20162,5
2016,2,"5,52",20162,6
2016,2,"5,6",20162,7
2016,2,"5,13",20162,8
2016,2,"5,1",20162,9
2016,2,"3,84",20162,10
2016,2,"3,15",20162,11
2016,2,"4,77",20162,12
2016,2,"3,5",20162,13
2016,2,"6,23",20162,14
2016,2,"4,87",20162,15
2016,2,"3,98",20162,16
2016,2,"4,75",20162,17
2016,2,"3,49",20162,18
2016,2,"3,5",20162,19
2016,2,"3,5",20162,20
2016,2,"5,14",20162,21
2016,2,"4,31",20162,22
2016,2,"3,48",20162,23
2016,2,"5,2",20162,24
2016,1,"4,99",20161,2
2016,1,"6,05",20161,1
2016,1,"4,2",20161,3
2016,1,"5,99",20161,4
2016,1,"3,38",20161,5
2016,1,"5,16",20161,6
2016,1,"5,37",20161,7
2016,1,"5,08",20161,8
2016,1,"4,87",20161,9
2016,1,"3,77",20161,10
2016,1,"3,05",20161,11
2016,1,"4,62",20161,12
2016,1,"3,5",20161,13
2016,1,"6,0",20161,14
2016,1,"4,42",20161,15
2016,1,"3,83",20161,16
2016,1,"4,74",20161,17
2016,1,"3,49",20161,18
2016,1,"3,5",20161,19
2016,1,"3,48",20161,20
2016,1,"4,9",20161,21
2016,1,"4,17",20161,22
2016,1,"3,48",20161,23
2016,1,"5,0",20161,24
2015,4,"4,88",20154,2
2015,4,"5,93",20154,1
2015,4,"4,12",20154,3
2015,4,"5,83",20154,4
2015,4,"3,28",20154,5
2015,4,"5,07",20154,6
2015,4,"5,26",20154,7
2015,4,"5,01",20154,8
2015,4,"4,66",20154,9
2015,4,"3,72",20154,10
2015,4,"2,94",20154,11
2015,4,"4,52",20154,12
2015,4,"3,5",20154,13
2015,4,"5,9",20154,14
2015,4,"4,36",20154,15
2015,4,"3,77",20154,16
2015,4,"4,67",20154,17
2015,4,"3,48",20154,18
2015,4,"3,5",20154,19
2015,4,"3,48",20154,20
2015,4,"4,81",20154,21
2015,4,"4,09",20154,22
2015,4,"3,47",20154,23
2015,4,"4,88",20154,24
2015,3,"4,7",20153,2
2015,3,"5,66",20153,1
2015,3,"3,88",20153,3
2015,3,"5,47",20153,4
2015,3,"3,28",20153,5
2015,3,"4,87",20153,6
2015,3,"5,06",20153,7
2015,3,"4,77",20153,8
2015,3,"4,17",20153,9
2015,3,"3,53",20153,10
2015,3,"2,91",20153,11
2015,3,"4,25",20153,12
2015,3,"3,5",20153,13
2015,3,"5,63",20153,14
2015,3,"4,23",20153,15
2015,3,"3,74",20153,16
2015,3,"4,42",20153,17
2015,3,"3,48",20153,18
2015,3,"3,5",20153,19
2015,3,"3,48",20153,20
2015,3,"4,56",20153,21
2015,3,"3,91",20153,22
2015,3,"3,48",20153,23
2015,3,"4,57",20153,24
2015,2,"4,46",20152,2
2015,2,"5,31",20152,1
2015,2,"3,68",20152,3
2015,2,"5,19",20152,4
2015,2,"3,22",20152,5
2015,2,"4,56",20152,6
2015,2,"4,85",20152,7
2015,2,"4,55",20152,8
2015,2,"3,76",20152,9
2015,2,"3,41",20152,10
2015,2,"2,86",20152,11
2015,2,"4,0",20152,12
2015,2,"3,5",20152,13
2015,2,"5,33",20152,14
2015,2,"4,06",20152,15
2015,2,"3,67",20152,16
2015,2,"4,22",20152,17
2015,2,"3,48",20152,18
2015,2,"3,5",20152,19
2015,2,"3,47",20152,20
2015,2,"4,3",20152,21
2015,2,"3,73",20152,22
2015,2,"3,48",20152,23
2015,2,"4,31",20152,24
2015,1,"4,32",20151,2
2015,1,"5,0",20151,1
2015,1,"3,48",20151,3
2015,1,"4,9",20151,4
2015,1,"3,21",20151,5
2015,1,"4,3",20151,6
2015,1,"4,63",20151,7
2015,1,"4,35",20151,8
2015,1,"3,38",20151,9
2015,1,"3,24",20151,10
2015,1,"2,83",20151,11
2015,1,"3,78",20151,12
2015,1,"3,5",20151,13
2015,1,"4,97",20151,14
2015,1,"3,91",20151,15
2015,1,"3,59",20151,16
2015,1,"4,02",20151,17
2015,1,"3,48",20151,18
2015,1,"3,5",20151,19
2015,1,"3,47",20151,20
2015,1,"4,06",20151,21
2015,1,"3,57",20151,22
2015,1,"3,45",20151,23
2015,1,"4,07",20151,24
2014,4,"4,2",20144,2
2014,4,"4,78",20144,1
2014,4,"3,34",20144,3
2014,4,"3,98",20144,4
2014,4,"3,17",20144,5
2014,4,"4,09",20144,6
2014,4,"3,81",20144,7
2014,4,"3,8",20144,8
2014,4,"3,02",20144,9
2014,4,"3,13",20144,10
2014,4,"2,75",20144,11
2014,4,"3,58",20144,12
2014,4,"3,5",20144,13
2014,4,"4,03",20144,14
2014,4,"3,85",20144,15
2014,4,"3,54",20144,16
2014,4,"3,86",20144,17
2014,4,"3,48",20144,18
2014,4,"3,5",20144,19
2014,4,"3,33",20144,20
2014,4,"3,78",20144,21
2014,4,"3,46",20144,22
2014,4,"3,47",20144,23
2014,4,"3,86",20144,24
2014,3,"3,97",20143,2
2014,3,"4,44",20143,1
2014,3,"2,92",20143,3
2014,3,"3,46",20143,4
2014,3,"3,17",20143,5
2014,3,"3,66",20143,6
2014,3,"3,41",20143,7
2014,3,"3,4",20143,8
2014,3,"2,66",20143,9
2014,3,"2,93",20143,10
2014,3,"2,82",20143,11
2014,3,"3,1",20143,12
2014,3,"3,5",20143,13
2014,3,"3,58",20143,14
2014,3,"3,74",20143,15
2014,3,"3,48",20143,16
2014,3,"3,41",20143,17
2014,3,"3,47",20143,18
2014,3,"3,5",20143,19
2014,3,"3,31",20143,20
2014,3,"3,38",20143,21
2014,3,"3,1",20143,22
2014,3,"3,47",20143,23
2014,3,"3,35",20143,24
2014,2,"3,85",20142,2
2014,2,"4,25",20142,1
2014,2,"2,92",20142,3
2014,2,"3,42",20142,4
2014,2,"3,16",20142,5
2014,2,"3,56",20142,6
2014,2,"3,37",20142,7
2014,2,"3,31",20142,8
2014,2,"2,65",20142,9
2014,2,"2,77",20142,10
2014,2,"2,68",20142,11
2014,2,"3,1",20142,12
2014,2,"3,5",20142,13
2014,2,"3,54",20142,14
2014,2,"3,66",20142,15
2014,2,"3,43",20142,16
2014,2,"3,39",20142,17
2014,2,"3,47",20142,18
2014,2,"3,5",20142,19
2014,2,"3,32",20142,20
2014,2,"3,31",20142,21
2014,2,"3,07",20142,22
2014,2,"3,47",20142,23
2014,2,"3,35",20142,24
2014,1,"3,73",20141,2
2014,1,"4,02",20141,1
2014,1,"2,8",20141,3
2014,1,"3,26",20141,4
2014,1,"3,18",20141,5
2014,1,"3,39",20141,6
2014,1,"3,22",20141,7
2014,1,"3,17",20141,8
2014,1,"2,57",20141,9
2014,1,"2,69",20141,10
2014,1,"2,65",20141,11
2014,1,"2,96",20141,12
2014,1,"3,5",20141,13
2014,1,"3,4",20141,14
2014,1,"3,55",20141,15
2014,1,"3,35",20141,16
2014,1,"3,3",20141,17
2014,1,"3,47",20141,18
2014,1,"3,5",20141,19
2014,1,"3,32",20141,20
2014,1,"3,15",20141,21
2014,1,"2,95",20141,22
2014,1,"3,45",20141,23
2014,1,"3,21",20141,24
